FirstName,LastName,FullName,AccountName,Division,JobTitle,Manager,Office,Phone,Sequence,Mobile,ManagerCN
Michael,Smith,Michael Smith,Michael.Smith,Executive,Chief Executive Officer,,Head Office,,0,,
Cleo,Quin,Cleo Quin,Cleo.Quin,Executive,Legal Advisor,Michael.Smith,Head Office,,1,,CN=Michael Smith
David,Cahill,David Cahill,David.Cahill,Executive,"Director, Finance",Michael.Smith,Southern Region,,1,,CN=Michael Smith
Deirdre,Hewitt,Deirdre Hewitt,Deirdre.Hewitt,Administration,Office Manager,Michael.Smith,Head Office,,1,,CN=Michael Smith
Fred,Cubis,Fred Cubis,Fred.Cubis,Executive,"Director, Human Resources",Michael.Smith,Eastern Region,,1,,CN=Michael Smith
Joe,Murphy,Joe Murphy,Joe.Murphy,Executive,"Director, Manufacturing",Michael.Smith,Head Office,,1,,CN=Michael Smith
John,Murray,John Murray,John.Murray,Executive,"Director, Research",Michael.Smith,Head Office,,1,,CN=Michael Smith
Lance,Pearce,Lance Pearce,Lance.Pearce,Health and Safety,Health and Safety Officer,Michael.Smith,Head Office,,1,,CN=Michael Smith
Mike,Kramer,Mike Kramer,Mike.Kramer,Facilities,Facilities Manager,Michael.Smith,Industrial Estate,,1,,CN=Michael Smith
Patrick,O'Reilly,Patrick O'Reilly,Patrick.O'Reilly,Executive,"Director, Sales & Marketing",Michael.Smith,Northern Region,,1,,CN=Michael Smith
Richard,Stanley,Richard Stanley,Richard.Stanley,Information Technology,IT Manager,Michael.Smith,Head Office,,1,,CN=Michael Smith
William,Flynn,William Flynn,William.Flynn,Executive,Executive Assistant,Michael.Smith,Head Office,,1,,CN=Michael Smith
Adam,Evans,Adam Evans,Adam.Evans,Manufacturing,Warehouse Manager,Joe.Murphy,Industrial Estate,,2,,CN=Joe Murphy
Amy,Xie,Amy Xie,Amy.Xie,Information Technology,Database Analyst,Richard.Stanley,Head Office,,2,,CN=Richard Stanley
Bill,Groves,Bill Groves,Bill.Groves,Sales & Marketing,Sales Manager,Patrick.O'Reilly,South,,2,,CN=Patrick O'Reilly
Bob,Carmody,Bob Carmody,Bob.Carmody,Sales & Marketing,Sales Manager,Patrick.O'Reilly,East,,2,,CN=Patrick O'Reilly
Brad,Schubert,Brad Schubert,Brad.Schubert,Facilities,Technician,Mike.Kramer,East,,2,,CN=Mike Kramer
Chris,Williams,Chris Williams,Chris.Williams,Sales & Marketing,Marketing Manager,Patrick.O'Reilly,South,,2,,CN=Patrick O'Reilly
Edward,Walsh,Edward Walsh,Edward.Walsh,Information Technology,Technician,Richard.Stanley,East,,2,,CN=Richard Stanley
Esther,Richards,Esther Richards,Esther.Richards,Purchasing,Purchasing Manager,Joe.Murphy,Head Office,,2,,CN=Joe Murphy
Glen,Thompson,Glen Thompson,Glen.Thompson,Information Technology,Network Administrator,Richard.Stanley,Head Office,,2,,CN=Richard Stanley
Ivan,Wilson,Ivan Wilson,Ivan.Wilson,Sales & Marketing,Sales Manager,Patrick.O'Reilly,North,,2,,CN=Patrick O'Reilly
Julie,Power,Julie Power,Julie.Power,Health and Safety,Safety Engineer,Lance.Pearce,Industrial Estate,,2,,CN=Lance Pearce
June,McNulty,June McNulty,June.McNulty,Health and Safety,Safety Engineer,Lance.Pearce,Industrial Estate,,2,,CN=Lance Pearce
Justin,Ryce,Justin Ryce,Justin.Ryce,Sales & Marketing,Marketing Manager,Patrick.O'Reilly,North,,2,,CN=Patrick O'Reilly
Kim,Morgan,Kim Morgan,Kim.Morgan,Information Technology,Helpdesk Operator,Richard.Stanley,Head Office,,2,,CN=Richard Stanley
Liam,Kim,Liam Kim,Liam.Kim,Research & Development,R&D Manager,John.Murray,Industrial Estate,,2,,CN=John Murray
Marie,Jackson,Marie Jackson,Marie.Jackson,Human Resources,Human Resources Manager,Fred.Cubis,Head Office,,2,,CN=Fred Cubis
Nicholas,Hogan,Nicholas Hogan,Nicholas.Hogan,Facilities,Technician,Mike.Kramer,North,,2,,CN=Mike Kramer
Owen,Victors,Owen Victors,Owen.Victors,Information Technology,Technician,Richard.Stanley,South,,2,,CN=Richard Stanley
Simran,Moore,Simran Moore,Simran.Moore,Manufacturing,Production Manager,Joe.Murphy,Industrial Estate,,2,,CN=Joe Murphy
Stephanie,Lee,Stephanie Lee,Stephanie.Lee,Finance,Finance Manager,David.Cahill,Head Office,,2,,CN=David Cahill
Stephen,Foley,Stephen Foley,Stephen.Foley,Sales & Marketing,Marketing Manager,Patrick.O'Reilly,East,,2,,CN=Patrick O'Reilly
Vikram,Logan,Vikram Logan,Vikram.Logan,Facilities,Facilities Coordinator,Mike.Kramer,Industrial Estate,,2,,CN=Mike Kramer
Walter,Manning,Walter Manning,Walter.Manning,Facilities,Technician,Mike.Kramer,South,,2,,CN=Mike Kramer
Werner,Underwood,Werner Underwood,Werner.Underwood,Information Technology,Technician,Richard.Stanley,North,,2,,CN=Richard Stanley
Andrew,Anderson,Andrew Anderson,Andrew.Anderson,Sales & Marketing,Marketing Assistant,Chris.Williams,South,,3,,CN=Chris Williams
Anthony,Griffin,Anthony Griffin,Anthony.Griffin,Manufacturing,Warehouse Supervisor,Adam.Evans,Industrial Estate,,3,,CN=Adam Evans
Austin,Hills,Austin Hills,Austin.Hills,Sales & Marketing,Marketing Assistant,Stephen.Foley,East,,3,,CN=Stephen Foley
Belinda,Watts,Belinda Watts,Belinda.Watts,Research & Development,Secretary,Liam.Kim,Industrial Estate,,3,,CN=Liam Kim
Brendan,Hickey,Brendan Hickey,Brendan.Hickey,Research & Development,R&D Senior Consultant,Liam.Kim,Industrial Estate,,3,,CN=Liam Kim
Carl,Dolan,Carl Dolan,Carl.Dolan,Sales & Marketing,Sales Representative,Bob.Carmody,East,,3,,CN=Bob Carmody
Carla,Lowe,Carla Lowe,Carla.Lowe,Manufacturing,Secretary,Simran.Moore,Industrial Estate,,3,,CN=Simran Moore
Catherine,Jones,Catherine Jones,Catherine.Jones,Sales & Marketing,Secretary,Ivan.Wilson,Head Office,,3,,CN=Ivan Wilson
Charles,Ryan,Charles Ryan,Charles.Ryan,Sales & Marketing,Marketing Assistant,Justin.Ryce,North,,3,,CN=Justin Ryce
Dave,Yee,Dave Yee,Dave.Yee,Finance,Cost Accountant,Stephanie.Lee,Head Office,,3,,CN=Stephanie Lee
Dustin,Enright,Dustin Enright,Dustin.Enright,Sales & Marketing,Sales Representative,Bob.Carmody,East,,3,,CN=Bob Carmody
Emma,Brown,Emma Brown,Emma.Brown,Manufacturing,Warehouse Assistant,Adam.Evans,Industrial Estate,,3,,CN=Adam Evans
Fergal,Austen,Fergal Austen,Fergal.Austen,Manufacturing,Production Scheduler,Simran.Moore,Industrial Estate,,3,,CN=Simran Moore
Hugh,Boyle,Hugh Boyle,Hugh.Boyle,Sales & Marketing,Marketing Assistant,Chris.Williams,South,,3,,CN=Chris Williams
Jack,Stevens,Jack Stevens,Jack.Stevens,Purchasing,Purchasing Coordinator,Esther.Richards,East,,3,,CN=Esther Richards
Jake,Scott,Jake Scott,Jake.Scott,Purchasing,Purchasing Coordinator,Esther.Richards,North,,3,,CN=Esther Richards
Jenny,Kelly,Jenny Kelly,Jenny.Kelly,Human Resources,Human Resources Assistant,Marie.Jackson,Head Office,,3,,CN=Marie Jackson
Jeremy,Graham,Jeremy Graham,Jeremy.Graham,Sales & Marketing,Marketing Assistant,Stephen.Foley,East,,3,,CN=Stephen Foley
Jonathan,Hart,Jonathan Hart,Jonathan.Hart,Purchasing,Purchasing Coordinator,Esther.Richards,South,,3,,CN=Esther Richards
Luke,Chang,Luke Chang,Luke.Chang,Manufacturing,Chief Plant Manager,Simran.Moore,Industrial Estate,,3,,CN=Simran Moore
Martin,Nolan,Martin Nolan,Martin.Nolan,Sales & Marketing,Sales Representative,Bill.Groves,South,,3,,CN=Bill Groves
Niall,Monahan,Niall Monahan,Niall.Monahan,Research & Development,R&D Senior Consultant,Liam.Kim,Industrial Estate,,3,,CN=Liam Kim
Paul,Connors,Paul Connors,Paul.Connors,Sales & Marketing,Marketing Assistant,Justin.Ryce,North,,3,,CN=Justin Ryce
Sarah,McMahon,Sarah McMahon,Sarah.McMahon,Finance,Accounts Payable Coordinator,Stephanie.Lee,Head Office,,3,,CN=Stephanie Lee
Scott,Connell,Scott Connell,Scott.Connell,Sales & Marketing,Sales Representative,Bill.Groves,South,,3,,CN=Bill Groves
Sean,Casey,Sean Casey,Sean.Casey,Sales & Marketing,Sales Representative,Ivan.Wilson,North,,3,,CN=Ivan Wilson
Trevor,Whelan,Trevor Whelan,Trevor.Whelan,Sales & Marketing,Sales Representative,Ivan.Wilson,North,,3,,CN=Ivan Wilson
Yvonne,O'Brien,Yvonne O'Brien,Yvonne.O'Brien,Finance,Accounts Receivable Coordinator,Stephanie.Lee,Head Office,,3,,CN=Stephanie Lee
Gwyneth,Reed,Gwyneth Reed,Gwyneth.Reed,Administration,Office Manager,Deirdre.Hewitt,South,,3,,CN=Deirdre Hewitt
Lisa,Cooper,Lisa Cooper,Lisa.Cooper,Administration,Office Manager,Deirdre.Hewitt,East,,3,,CN=Deirdre Hewitt
Frank,McEnroy,Frank McEnroy,Frank.McEnroy,Administration,Office Manager,Deirdre.Hewitt,North,,3,,CN=Deirdre Hewitt
Eve,Ferguson,Eve Ferguson,Eve.Ferguson,Manufacturing,Machine Operator,Luke.Chang,Industrial Estate,,4,,CN=Luke Chang
Kristy,Donnelly,Kristy Donnelly,Kristy.Donnelly,Manufacturing,Machine Operator,Luke.Chang,Industrial Estate,,4,,CN=Luke Chang
Ann,Kerr,Ann Kerr,Ann.Kerr,Research & Development,R&D Technician,Niall.Monahan,Industrial Estate,,4,,CN=Niall Monahan
Douglas,Hanley,Douglas Hanley,Douglas.Hanley,Manufacturing,Warehouse Assistant,Anthony.Griffin,Industrial Estate,,4,,CN=Anthony Griffin
Elizabeth,Hogan,Elizabeth Hogan,Elizabeth.Hogan,Research & Development,R&D Technician,Brendan.Hickey,Industrial Estate,,4,,CN=Brendan Hickey
Michelle,Nash,Michelle Nash,Michelle.Nash,Research & Development,R&D Technician,Niall.Monahan,Industrial Estate,,4,,CN=Niall Monahan
Neil,Fitzgerald,Neil Fitzgerald,Neil.Fitzgerald,Research & Development,R&D Technician,Brendan.Hickey,Industrial Estate,,4,,CN=Brendan Hickey
Nora,Robertson,Nora Robertson,Nora.Robertson,Finance,Bookkeeper,Yvonne.O'Brien,East,,4,,CN=Yvonne O'Brien
Rachel,Ward,Rachel Ward,Rachel.Ward,Administration,Office Assistant,Lisa.Cooper,East,,4,,CN=Lisa Cooper
Rosemary,King,Rosemary King,Rosemary.King,Administration,Office Assistant,Gwyneth.Reed,South,,4,,CN=Gwyneth Reed
Sandra,Smith,Sandra Smith,Sandra.Smith,Research & Development,R&D Technician,Brendan.Hickey,Industrial Estate,,4,,CN=Brendan Hickey
Tom,Helm,Tom Helm,Tom.Helm,Manufacturing,Warehouse Assistant,Anthony.Griffin,Industrial Estate,,4,,CN=Anthony Griffin
Pamela,McNamara,Pamela McNamara,Pamela.McNamara,Administration,Office Assistant,Frank.McEnroy,North,,5,,CN=Frank McEnroy
Nicki,Pitt,Nicki Pitt,Nicki.Pitt,Administration,Office Assistant,Deirdre.Hewitt,Head Office,,5,,CN=Deirdre Hewitt
Ronald,Beaumont,Ronald Beaumont,Ronald.Beaumont,Administration,Data Entry Assistant,Deirdre.Hewitt,Head Office,,5,,CN=Deirdre Hewitt
Amanda,Peiris,Amanda Peiris,Amanda.Peiris,Other,Other,,Other,,#N/A,,
Asif,Wolfe,Asif Wolfe,Asif.Wolfe,Other,Other,,Other,,#N/A,,
Ben,Buller,Ben Buller,Ben.Buller,Other,Other,,Other,,#N/A,,
Brian,Campbell,Brian Campbell,Brian.Campbell,Other,Other,,Other,,#N/A,,
Daniel,Chai,Daniel Chai,Daniel.Chai,Other,Other,,Other,,#N/A,,
Debbie,Considine,Debbie Considine,Debbie.Considine,Other,Other,,Other,,#N/A,,
Dexter,Muller,Dexter Muller,Dexter.Muller,Other,Other,,Other,,#N/A,,
Goran,Yates,Goran Yates,Goran.Yates,Other,Other,,Other,,#N/A,,
Hector,Cruz,Hector Cruz,Hector.Cruz,Other,Other,,Other,,#N/A,,
Lee,Pilkington,Lee Pilkington,Lee.Pilkington,Finance,Bookkeeper,Sarah.McMahon,North,,#N/A,,"CN=Sarah McMahon"
Margaret,Quong,Margaret Quong,Margaret.Quong,Finance,Bookkeeper,Sarah.McMahon,South,,#N/A,,"CN=Sarah McMahon"
Matt,Grainger,Matt Grainger,Matt.Grainger,Other,Other,,Other,,#N/A,,
Ned,Canavan,Ned Canavan,Ned.Canavan,Other,Other,,Other,,#N/A,,
Rebecca,Roberts,Rebecca Roberts,Rebecca.Roberts,Other,Other,,Other,,#N/A,,
Robert,Ortiz,Robert Ortiz,Robert.Ortiz,Other,Other,,Other,,#N/A,,
Steve,Fisher,Steve Fisher,Steve.Fisher,Other,Other,,Other,,#N/A,,
Sushil,Nair,Sushil Nair,Sushil.Nair,Other,Other,,Other,,#N/A,,
Tobias,Leidinger,Tobias Leidinger,Tobias.Leidinger,Other,Other,,Other,,#N/A,,
